By occupation,Total Number of Workers in 2018,Median weekly earnings in 2018,Total Number of Men Workers in 2018,Median weekly earnings of men in 2018,Total Number of Women Workers in 2018,Median weekly earnings of women in 2018,Total Number of Workers in 2017,Median weekly earnings in 2017,Total Number of Men Workers in 2017,Median weekly earnings of men in 2017,Total Number of Women Workers in 2017,Median weekly earnings of women in 2017,Total Number of Workers in 2016,Median weekly earnings in 2016,Total Number of Men Workers in 2016,Median weekly earnings of men in 2016,Total Number of Women Workers in 2016,Median weekly earnings of women in 2016
"Total, full-time wage and salary workers","115,567",$886,"64,142",$973,"51,425",$789,"113,272",$860,"62,980",$941,"50,291",$770,"111,091",$832,"61,930",$915,"49,161",$749
"Management, professional, and related occupations","48,808","1,246","23,685","1,468","25,123","1,078","47,207","1,224","22,815","1,442","24,393","1,052","45,930","1,188","22,256","1,420","23,674","1,027"
"Management, business, and financial operations occupations","19,863","1,355","10,668","1,537","9,195","1,168","19,414","1,327","10,415","1,526","8,999","1,134","19,023","1,284","10,261","1,491","8,761","1,099"
Management occupations,"13,477","1,429","7,754","1,585","5,724","1,236","13,169","1,392","7,568","1,573","5,600","1,173","12,828","1,370","7,514","1,539","5,314","1,148"
Chief executives,"1,098","2,291",790,"2,488",307,"1,736","1,136","2,296",823,"2,415",313,"1,920","1,150","2,303",832,"2,419",318,"1,876"
General and operations managers,939,"1,338",656,"1,427",283,"1,139",920,"1,328",598,"1,488",321,"1,134",876,"1,266",626,"1,358",250,"1,037"
Legislators,14,–,10,–,4,–,14,–,5,–,9,–,11,–,6,–,6,–
Advertising and promotions managers,39,–,23,–,16,–,53,"1,330",24,–,29,–,56,"1,332",24,–,32,–
Marketing and sales managers,963,"1,567",517,"1,852",447,"1,362",994,"1,509",566,"1,747",428,"1,288",921,"1,468",518,"1,745",403,"1,142"
Public relations and fundraising managers,61,"1,415",18,–,43,–,71,"1,318",24,–,47,–,60,"1,532",21,–,38,–
Administrative services managers,147,"1,215",101,"1,266",46,–,147,"1,233",89,"1,629",57,"1,013",172,"1,261",101,"1,398",71,952
Computer and information systems managers,601,"1,877",448,"1,920",153,"1,727",594,"1,843",428,"1,897",165,"1,629",592,"1,738",443,"1,756",150,"1,680"
Financial managers,"1,158","1,466",495,"1,784",663,"1,262","1,111","1,412",500,"1,719",611,"1,222","1,105","1,423",527,"1,670",578,"1,157"
Compensation and benefits managers,21,–,5,–,16,–,16,–,5,–,11,–,16,–,3,–,12,–
Human resources managers,294,"1,381",73,"1,761",221,"1,330",304,"1,448",92,"1,748",211,"1,280",263,"1,340",73,"1,737",190,"1,283"
Training and development managers,52,"1,448",21,–,31,–,58,"1,396",23,–,35,–,58,"1,507",27,–,31,–
Industrial production managers,243,"1,465",188,"1,573",55,"1,296",265,"1,486",202,"1,526",63,"1,312",267,"1,361",201,"1,409",66,"1,219"
Purchasing managers,222,"1,362",123,"1,431",99,"1,229",194,"1,271",90,"1,420",104,"1,138",187,"1,274",95,"1,400",92,"1,169"
"Transportation, storage, and distribution managers",269,"1,131",226,"1,138",43,–,274,"1,039",225,"1,061",49,–,288,990,237,990,51,988
"Farmers, ranchers, and other agricultural managers",119,945,99,"1,010",21,–,121,"1,001",100,963,21,–,119,892,102,906,17,–
Construction managers,625,"1,431",572,"1,467",53,"1,202",582,"1,428",526,"1,439",56,"1,243",487,"1,395",452,"1,401",35,–
Education administrators,857,"1,381",294,"1,563",563,"1,245",801,"1,367",304,"1,561",497,"1,243",838,"1,381",297,"1,528",541,"1,280"
Architectural and engineering managers,149,"2,226",131,"2,285",19,–,128,"1,999",119,"2,020",10,–,143,"2,258",134,"2,265",9,–
Food service managers,827,809,420,922,407,708,816,753,421,894,394,674,760,739,410,853,350,632
Funeral service managers,0,–,0,–,0,–,9,–,4,–,5,–,13,–,11,–,1,–
Gaming managers,23,–,15,–,8,–,23,–,17,–,6,–,18,–,14,–,4,–
Lodging managers,112,955,48,–,64,920,116,882,54,982,62,844,124,929,59,"1,068",64,764
Medical and health services managers,567,"1,408",149,"1,729",418,"1,331",610,"1,319",177,"1,490",433,"1,177",533,"1,402",133,"1,610",399,"1,254"
Natural sciences managers,8,–,4,–,4,–,17,–,10,–,7,–,14,–,6,–,8,–
Postmasters and mail superintendents,22,–,8,–,15,–,23,–,13,–,10,–,23,–,12,–,11,–
"Property, real estate, and community association managers",390,"1,018",181,"1,148",208,927,421,957,181,"1,163",241,873,402,959,181,"1,157",221,815
Social and community service managers,363,"1,141",112,"1,336",251,"1,057",337,"1,136",101,"1,281",236,"1,052",363,"1,079",115,"1,206",248,992
Emergency management directors,9,–,6,–,3,–,10,–,4,–,7,–,8,–,5,–,3,–
"Managers, all other","3,285","1,525","2,022","1,628","1,263","1,341","3,004","1,488","1,841","1,629","1,163","1,251","2,960","1,422","1,845","1,542","1,115","1,188"
Business and financial operations occupations,"6,385","1,216","2,914","1,383","3,471","1,105","6,245","1,174","2,847","1,390","3,398","1,055","6,195","1,161","2,747","1,373","3,448","1,018"
"Agents and business managers of artists, performers, and athletes",31,–,13,–,18,–,23,–,8,–,15,–,23,–,11,–,12,–
"Buyers and purchasing agents, farm products",10,–,7,–,3,–,10,–,6,–,4,–,8,–,8,–,0,–
"Wholesale and retail buyers, except farm products",147,878,82,878,65,880,154,886,67,882,87,888,152,838,68,942,83,765
"Purchasing agents, except wholesale, retail, and farm products",223,"1,160",121,"1,209",102,"1,032",240,"1,132",143,"1,144",96,"1,085",253,"1,024",128,"1,037",125,974
"Claims adjusters, appraisers, examiners, and investigators",334,998,145,"1,167",189,913,346,"1,002",128,"1,108",218,925,321,969,114,"1,139",206,912
Compliance officers,278,"1,296",129,"1,450",149,"1,165",240,"1,391",106,"1,501",134,"1,296",252,"1,243",106,"1,274",146,"1,163"
Cost estimators,109,"1,165",95,"1,208",14,–,113,"1,139",100,"1,157",13,–,104,"1,159",96,"1,172",9,–
Human resources workers,620,"1,161",190,"1,328",429,"1,107",664,"1,086",182,"1,236",482,"1,035",631,"1,139",166,"1,364",465,"1,089"
"Compensation, benefits, and job analysis specialists",48,–,17,–,31,–,60,"1,042",21,–,39,–,72,"1,069",21,–,51,"1,001"
Training and development specialists,111,"1,092",47,–,64,"1,086",114,"1,099",59,"1,255",55,937,129,"1,103",47,–,82,959
Logisticians,127,"1,019",81,"1,131",46,–,101,"1,230",67,"1,358",33,–,111,"1,011",75,"1,116",37,–
Management analysts,635,"1,532",356,"1,642",279,"1,437",606,"1,499",351,"1,651",255,"1,315",585,"1,476",332,"1,586",253,"1,342"
"Meeting, convention, and event planners",89,"1,002",21,–,69,"1,006",102,"1,080",14,–,89,"1,064",119,867,30,–,88,852
Fundraisers,82,"1,262",22,–,60,"1,168",72,"1,152",17,–,55,"1,152",64,"1,111",22,–,42,–
Market research analysts and marketing specialists,299,"1,246",125,"1,503",174,"1,148",258,"1,174",110,"1,357",149,"1,061",246,"1,171",116,"1,345",130,"1,097"
"Business operations specialists, all other",223,"1,150",95,"1,234",127,"1,072",250,"1,136",118,"1,361",132,"1,013",257,"1,125",110,"1,263",146,"1,001"
Accountants and auditors,"1,615","1,209",646,"1,404",969,"1,108","1,512","1,173",622,"1,389",890,"1,065","1,451","1,153",559,"1,441",892,"1,018"
Appraisers and assessors of real estate,47,–,24,–,22,–,55,"1,074",35,–,20,–,31,–,19,–,13,–
Budget analysts,52,"1,351",17,–,35,–,54,"1,377",29,–,26,–,48,–,22,–,26,–
Credit analysts,27,–,12,–,14,–,27,–,13,–,15,–,28,–,15,–,13,–
Financial analysts,261,"1,470",138,"1,599",122,"1,197",264,"1,530",156,"1,590",108,"1,369",277,"1,525",173,"1,747",104,"1,252"
Personal financial advisors,414,"1,473",268,"1,647",146,"1,207",398,"1,425",267,"1,662",131,979,399,"1,404",258,"1,714",142,953
Insurance underwriters,122,"1,268",51,"1,413",71,"1,032",92,"1,153",35,–,57,"1,115",102,"1,113",34,–,68,910
Financial examiners,11,–,2,–,9,–,15,–,8,–,7,–,13,–,7,–,6,–
Credit counselors and loan officers,332,"1,168",155,"1,443",177,948,320,"1,070",127,"1,332",193,958,351,"1,054",151,"1,331",200,926
"Tax examiners and collectors, and revenue agents",42,–,13,–,29,–,62,"1,078",28,–,33,–,58,"1,138",20,–,38,–
Tax preparers,62,"1,028",26,–,36,–,56,791,18,–,39,–,53,"1,049",20,–,33,–
"Financial specialists, all other",35,–,13,–,22,–,36,–,11,–,24,–,56,"1,155",20,–,37,–
Professional and related occupations,"28,945","1,176","13,017","1,425","15,929","1,024","27,794","1,160","12,400","1,391","15,394","1,014","26,907","1,141","11,995","1,364","14,912",998
Computer and mathematical occupations,"4,755","1,539","3,571","1,604","1,184","1,345","4,350","1,465","3,240","1,552","1,110","1,235","4,104","1,443","3,068","1,518","1,035","1,325"
Computer and information research scientists,20,–,16,–,4,–,23,–,13,–,9,–,20,–,13,–,7,–
Computer systems analysts,580,"1,521",358,"1,647",222,"1,246",522,"1,409",311,"1,495",211,"1,270",496,"1,393",314,"1,475",182,"1,328"
Information security analysts,93,"1,635",75,"1,625",18,–,94,"1,725",74,"1,773",20,–,85,"1,617",65,"1,826",20,–
Computer programmers,428,"1,591",338,"1,662",91,"1,445",423,"1,483",333,"1,539",89,"1,363",403,"1,398",300,"1,466",104,"1,312"
"Software developers, applications and systems software","1,611","1,864","1,283","1,894",327,"1,644","1,439","1,792","1,174","1,863",265,"1,543","1,351","1,776","1,084","1,863",266,"1,553"
Web developers,164,"1,333",115,"1,418",49,–,144,"1,235",98,"1,342",46,–,142,"1,236",97,"1,284",45,–
Computer support specialists,516,"1,085",376,"1,114",140,"1,015",443,"1,068",319,"1,134",124,919,491,"1,060",367,"1,078",124,"1,014"
Database administrators,108,"1,493",67,"1,573",40,–,93,"1,381",56,"1,745",37,–,83,"1,731",46,–,37,–
Network and computer systems administrators,192,"1,430",155,"1,478",37,–,193,"1,395",155,"1,396",38,–,197,"1,232",168,"1,250",29,–
Computer network architects,112,"1,765",102,"1,771",10,–,100,"1,636",97,"1,659",3,–,105,"1,502",93,"1,535",12,–
"Computer occupations, all other",678,"1,226",548,"1,238",131,"1,208",627,"1,194",484,"1,250",142,"1,059",524,"1,195",418,"1,244",106,"1,055"
Actuaries,35,–,24,–,11,–,23,–,16,–,7,–,12,–,11,–,1,–
Mathematicians,3,–,2,–,1,–,2,–,2,–,0,–,4,–,3,–,0,–
Operations research analysts,125,"1,418",66,"1,566",58,"1,299",146,"1,396",71,"1,570",74,"1,205",125,"1,315",59,"1,382",66,"1,300"
Statisticians,85,"1,437",41,–,43,–,77,"1,433",36,–,41,–,65,"1,405",30,–,35,–
Miscellaneous mathematical science occupations,5,–,3,–,2,–,2,–,1,–,1,–,2,–,1,–,1,–
Architecture and engineering occupations,"2,994","1,484","2,541","1,528",453,"1,259","2,936","1,478","2,494","1,518",442,"1,307","2,835","1,482","2,437","1,529",398,"1,207"
"Architects, except naval",170,"1,464",118,"1,538",52,"1,301",196,"1,453",150,"1,650",46,–,178,"1,339",135,"1,462",43,–
"Surveyors, cartographers, and photogrammetrists",35,–,28,–,7,–,30,–,25,–,5,–,28,–,19,–,9,–
Aerospace engineers,145,"1,788",129,"1,836",16,–,137,"1,892",128,"1,891",9,–,124,"1,854",114,"1,846",10,–
Agricultural engineers,5,–,5,–,0,–,3,–,3,–,0,–,2,–,2,–,0,–
Biomedical engineers,12,–,11,–,1,–,16,–,11,–,4,–,14,–,12,–,2,–
Chemical engineers,65,"1,858",57,"1,858",8,–,78,"1,626",66,"1,631",12,–,91,"1,877",73,"1,901",18,–
Civil engineers,410,"1,495",346,"1,551",63,"1,282",393,"1,494",332,"1,524",61,"1,343",389,"1,504",350,"1,526",39,–
Computer hardware engineers,70,"1,772",60,"1,852",11,–,73,"1,771",60,"1,793",13,–,58,"1,843",46,–,12,–
Electrical and electronics engineers,282,"1,646",251,"1,661",31,–,276,"1,803",245,"1,772",30,–,271,"1,729",245,"1,736",26,–
Environmental engineers,35,–,30,–,5,–,32,–,21,–,11,–,31,–,27,–,5,–
"Industrial engineers, including health and safety",245,"1,499",191,"1,571",54,"1,163",213,"1,496",168,"1,520",46,–,215,"1,526",169,"1,580",46,–
Marine engineers and naval architects,15,–,15,–,0,–,7,–,7,–,0,–,19,–,18,–,1,–
Materials engineers,42,–,32,–,10,–,32,–,28,–,5,–,26,–,21,–,5,–
Mechanical engineers,313,"1,562",282,"1,581",31,–,337,"1,534",311,"1,533",26,–,335,"1,560",311,"1,567",24,–
"Mining and geological engineers, including mining safety engineers",8,–,6,–,2,–,12,–,10,–,1,–,8,–,7,–,0,–
Nuclear engineers,13,–,12,–,1,–,7,–,7,–,0,–,8,–,7,–,1,–
Petroleum engineers,27,–,22,–,5,–,23,–,17,–,6,–,35,–,32,–,3,–
"Engineers, all other",528,"1,575",463,"1,610",65,"1,356",546,"1,561",473,"1,571",73,"1,436",493,"1,573",430,"1,659",63,"1,401"
Drafters,112,"1,021",91,"1,029",22,–,122,"1,126",100,"1,149",21,–,93,990,83,"1,030",10,–
"Engineering technicians, except drafters",398,"1,129",332,"1,154",66,934,339,"1,053",269,"1,102",70,884,350,997,275,"1,075",75,793
Surveying and mapping technicians,63,984,60,995,3,–,63,"1,109",61,"1,114",2,–,67,811,61,790,5,–
"Life, physical, and social science occupations","1,308","1,270",733,"1,357",575,"1,156","1,238","1,286",674,"1,361",564,"1,183","1,151","1,209",665,"1,319",486,"1,119"
Agricultural and food scientists,30,–,16,–,13,–,25,–,14,–,10,–,32,–,20,–,12,–
Biological scientists,101,"1,250",55,"1,164",46,–,82,"1,140",41,–,41,–,81,"1,346",46,–,35,–
Conservation scientists and foresters,17,–,9,–,8,–,26,–,15,–,11,–,26,–,23,–,4,–
Medical scientists,160,"1,319",80,"1,416",81,"1,156",162,"1,378",82,"1,383",80,"1,270",127,"1,211",69,"1,250",57,"1,169"
"Life scientists, all other",1,–,0,–,1,–,4,–,1,–,3,–,3,–,0,–,3,–
Astronomers and physicists,14,–,14,–,0,–,16,–,15,–,1,–,20,–,16,–,4,–
Atmospheric and space scientists,7,–,6,–,1,–,6,–,4,–,2,–,6,–,5,–,1,–
Chemists and materials scientists,115,"1,284",70,"1,362",45,–,98,"1,425",56,"1,451",41,–,93,"1,306",56,"1,504",36,–
Environmental scientists and geoscientists,80,"1,336",52,"1,427",28,–,80,"1,639",51,"1,746",30,–,79,"1,555",58,"1,591",21,–
"Physical scientists, all other",289,"1,455",169,"1,582",120,"1,341",270,"1,529",147,"1,565",122,"1,409",241,"1,416",131,"1,727",111,"1,323"
Economists,35,–,29,–,6,–,29,–,18,–,12,–,22,–,14,–,9,–
Survey researchers,0,–,0,–,0,–,2,–,1,–,1,–,1,–,1,–,0,–
Psychologists,134,"1,331",35,–,99,"1,255",106,"1,454",35,–,71,"1,437",91,"1,260",25,–,66,"1,187"
Sociologists,5,–,2,–,3,–,2,–,2,–,0,–,4,–,1,–,3,–
Urban and regional planners,28,–,15,–,13,–,34,–,18,–,16,–,34,–,21,–,13,–
Miscellaneous social scientists and related workers,39,–,25,–,14,–,27,–,18,–,9,–,30,–,19,–,11,–
Agricultural and food science technicians,31,–,24,–,7,–,30,–,20,–,10,–,24,–,17,–,6,–
Biological technicians,17,–,10,–,7,–,23,–,8,–,15,–,19,–,11,–,8,–
Chemical technicians,58,"1,002",42,–,17,–,62,"1,013",45,–,16,–,75,919,50,919,25,–
Geological and petroleum technicians,11,–,7,–,4,–,13,–,9,–,4,–,17,–,15,–,2,–
Nuclear technicians,11,–,8,–,3,–,6,–,4,–,2,–,4,–,3,–,1,–
Social science research assistants,0,–,0,–,0,–,4,–,0,–,4,–,1,–,1,–,0,–
"Miscellaneous life, physical, and social science technicians",124,862,66,893,58,856,132,826,70,970,63,766,119,894,62,949,57,826
Community and social service occupations,"2,223",913,754,984,"1,469",886,"2,165",900,747,976,"1,418",857,"2,136",919,759,"1,004","1,377",880
Counselors,705,941,199,"1,004",506,913,650,897,178,901,472,894,657,904,184,892,473,907
Social workers,753,907,141,958,611,897,714,906,122,935,591,900,684,906,127,"1,039",557,884
Probation officers and correctional treatment specialists,105,944,45,–,60,930,90,881,36,–,55,858,100,992,39,–,61,"1,004"
Social and human service assistants,166,749,33,–,133,752,189,739,48,–,141,701,151,736,29,–,122,727
"Miscellaneous community and social service specialists, including health educators and community health workers",62,881,14,–,48,–,68,829,17,–,51,791,83,831,20,–,63,767
Clergy,337,990,268,"1,036",68,855,342,"1,058",297,"1,073",46,–,368,"1,039",315,"1,070",53,893
"Directors, religious activities and education",51,927,27,–,25,–,61,844,36,–,25,–,49,–,23,–,26,–
"Religious workers, all other",45,–,27,–,18,–,50,831,13,–,37,–,42,–,21,–,21,–
Legal occupations,"1,466","1,467",651,"1,910",815,"1,243","1,379","1,443",568,"1,896",811,"1,192","1,294","1,431",562,"1,904",732,"1,152"
Lawyers,853,"1,947",509,"2,202",344,"1,762",781,"1,901",444,"2,105",337,"1,753",745,"1,897",446,"2,086",299,"1,619"
Judicial law clerks,15,–,7,–,8,–,13,–,7,–,6,–,14,–,7,–,7,–
"Judges, magistrates, and other judicial workers",69,"1,602",49,–,19,–,59,"1,742",42,–,17,–,56,"1,560",35,–,21,–
Paralegals and legal assistants,413,948,54,917,359,953,370,945,49,–,321,934,351,874,43,–,308,863
Miscellaneous legal support workers,117,"1,143",32,–,85,"1,109",156,957,26,–,130,904,128,"1,009",30,–,98,867
"Education, training, and library occupations","7,166","1,002","1,915","1,235","5,251",934,"6,978","1,002","1,939","1,202","5,039",935,"6,859",984,"1,877","1,154","4,982",933
Postsecondary teachers,994,"1,439",534,"1,603",460,"1,253",985,"1,312",551,"1,414",434,"1,208",980,"1,247",535,"1,356",445,"1,152"
Preschool and kindergarten teachers,568,648,14,–,555,643,530,657,12,–,518,654,530,626,13,–,518,621
Elementary and middle school teachers,"3,030","1,010",620,"1,148","2,410",982,"2,838","1,023",614,"1,139","2,224",987,"2,836","1,009",605,"1,126","2,231",981
Secondary school teachers,948,"1,141",392,"1,226",556,"1,092",917,"1,139",392,"1,226",524,"1,091",965,"1,111",403,"1,146",562,"1,074"
Special education teachers,324,"1,039",43,–,281,"1,042",386,"1,024",54,"1,051",332,"1,017",313,"1,021",49,–,264,"1,018"
Other teachers and instructors,388,957,172,"1,095",215,840,419,897,155,"1,128",265,820,370,938,156,"1,135",214,786
"Archivists, curators, and museum technicians",37,–,17,–,20,–,42,–,18,–,24,–,36,–,11,–,25,–
Librarians,127,927,29,–,98,910,135,"1,009",31,–,104,972,140,987,23,–,117,980
Library technicians,10,–,3,–,7,–,16,–,2,–,14,–,10,–,2,–,8,–
Teacher assistants,615,556,62,584,553,550,590,550,67,642,523,537,588,523,56,501,532,525
"Other education, training, and library workers",125,"1,095",30,–,95,"1,036",120,"1,049",44,–,77,956,91,"1,107",24,–,67,"1,068"
"Arts, design, entertainment, sports, and media occupations","1,880","1,086","1,052","1,151",828,997,"1,778","1,066","1,013","1,161",765,943,"1,671","1,040",919,"1,139",752,951
Artists and related workers,64,"1,078",46,–,18,–,70,"1,209",43,–,27,–,61,"1,236",38,–,23,–
Designers,684,"1,060",357,"1,169",327,932,600,"1,012",327,"1,172",273,857,586,"1,086",290,"1,267",297,922
Actors,7,–,5,–,2,–,17,–,11,–,6,–,13,–,8,–,5,–
Producers and directors,147,"1,224",98,"1,476",49,–,131,"1,489",89,"1,708",43,–,128,"1,163",78,"1,228",50,"1,030"
"Athletes, coaches, umpires, and related workers",164,"1,044",129,"1,049",35,–,149,898,104,"1,031",45,–,141,826,106,862,35,–
Dancers and choreographers,11,–,4,–,7,–,9,–,4,–,5,–,5,–,2,–,4,–
"Musicians, singers, and related workers",47,–,28,–,19,–,41,–,29,–,12,–,37,–,24,–,13,–
"Entertainers and performers, sports and related workers, all other",17,–,7,–,10,–,24,–,10,–,13,–,13,–,9,–,4,–
Announcers,26,–,22,–,4,–,24,–,18,–,7,–,32,–,24,–,8,–
"News analysts, reporters and correspondents",59,"1,012",29,–,30,–,72,945,30,–,42,–,58,"1,166",30,–,27,–
Public relations specialists,118,"1,313",40,–,78,"1,169",92,"1,339",35,–,57,"1,203",107,"1,228",40,–,67,"1,134"
Editors,124,"1,112",57,"1,104",67,"1,138",124,"1,084",56,"1,123",68,992,120,"1,053",64,"1,112",56,"1,035"
Technical writers,60,"1,318",25,–,35,–,67,"1,222",30,–,37,–,56,"1,253",29,–,27,–
Writers and authors,110,"1,233",42,–,68,"1,036",106,"1,137",50,"1,171",57,"1,045",99,"1,070",39,–,60,983
Miscellaneous media and communication workers,62,880,12,–,51,850,53,809,25,–,28,–,59,745,24,–,36,–
Broadcast and sound engineering technicians and radio operators,73,"1,028",66,"1,038",7,–,81,"1,150",71,"1,160",10,–,80,"1,020",67,"1,099",13,–
Photographers,68,904,51,"1,006",16,–,66,931,40,–,25,–,43,–,24,–,19,–
"Television, video, and motion picture camera operators and editors",35,–,30,–,6,–,46,–,38,–,8,–,31,–,24,–,7,–
"Media and communication equipment workers, all other",4,–,4,–,0,–,5,–,3,–,2,–,1,–,1,–,0,–
Healthcare practitioners and technical occupations,"7,154","1,140","1,800","1,383","5,354","1,078","6,970","1,124","1,724","1,341","5,246","1,068","6,857","1,104","1,706","1,332","5,150","1,036"
Chiropractors,15,–,12,–,3,–,11,–,9,–,2,–,18,–,10,–,7,–
Dentists,56,"1,884",27,–,28,–,41,–,16,–,25,–,61,"1,850",34,–,27,–
Dietitians and nutritionists,70,967,8,–,63,940,88,991,8,–,80,996,82,986,11,–,71,997
Optometrists,29,–,13,–,15,–,19,–,6,–,13,–,18,–,3,–,15,–
Pharmacists,263,"2,071",98,"2,271",165,"1,890",254,"1,923",107,"2,228",147,"1,834",222,"1,924",89,"2,096",133,"1,839"
Physicians and surgeons,827,"2,001",475,"2,513",352,"1,677",815,"1,918",463,"2,277",352,"1,759",806,"1,916",497,"2,343",308,"1,476"
Physician assistants,118,"1,752",37,–,80,"1,646",97,"1,747",31,–,66,"1,640",75,"1,544",25,–,50,"1,547"
Podiatrists,4,–,3,–,1,–,7,–,3,–,4,–,4,–,3,–,0,–
Audiologists,8,–,2,–,6,–,13,–,1,–,12,–,11,–,2,–,8,–
Occupational therapists,80,"1,283",16,–,64,"1,252",74,"1,301",12,–,62,"1,273",71,"1,365",10,–,61,"1,315"
Physical therapists,209,"1,395",71,"1,410",139,"1,387",182,"1,317",64,"1,341",118,"1,297",197,"1,325",69,"1,348",128,"1,306"
Radiation therapists,13,–,6,–,8,–,11,–,3,–,8,–,11,–,1,–,10,–
Recreational therapists,11,–,1,–,10,–,5,–,1,–,3,–,9,–,6,–,3,–
Respiratory therapists,95,"1,074",36,–,59,"1,000",83,961,27,–,56,904,76,998,22,–,54,993
Speech-language pathologists,105,"1,215",6,–,100,"1,214",106,"1,213",4,–,102,"1,214",112,"1,200",3,–,109,"1,172"
Exercise physiologists,2,–,0,–,2,–,5,–,1,–,3,–,1,–,0,–,1,–
"Therapists, all other",155,"1,047",33,–,122,"1,014",142,983,29,–,114,947,137,920,32,–,106,913
Veterinarians,64,"1,677",18,–,46,–,60,"1,840",20,–,40,–,65,"1,338",19,–,46,–
Registered nurses,"2,584","1,167",315,"1,271","2,270","1,156","2,536","1,150",283,"1,260","2,253","1,143","2,498","1,154",285,"1,261","2,213","1,143"
Nurse anesthetists,22,–,13,–,8,–,30,–,13,–,17,–,14,–,8,–,6,–
Nurse midwives,2,–,0,–,2,–,5,–,0,–,5,–,5,–,0,–,5,–
Nurse practitioners,158,"1,894",24,–,134,"1,891",141,"1,841",12,–,129,"1,832",144,"1,750",11,–,133,"1,753"
"Health diagnosing and treating practitioners, all other",10,–,6,–,4,–,15,–,3,–,12,–,8,–,1,–,8,–
Clinical laboratory technologists and technicians,290,893,75,819,215,911,297,890,94,"1,061",203,845,295,887,97,"1,071",198,834
Dental hygienists,75,"1,047",3,–,72,"1,055",78,"1,033",5,–,73,"1,028",75,"1,034",2,–,73,"1,045"
Diagnostic related technologists and technicians,269,"1,140",97,"1,232",172,"1,061",271,"1,162",85,"1,404",186,"1,041",254,"1,041",79,"1,156",175,936
Emergency medical technicians and paramedics,180,894,122,943,59,764,203,984,145,"1,119",58,733,174,779,114,821,60,650
Health practitioner support technologists and technicians,542,691,112,807,431,655,469,710,98,858,371,678,474,662,113,712,361,643
Licensed practical and licensed vocational nurses,490,757,56,936,434,743,501,815,62,817,438,814,525,749,44,–,481,743
Medical records and health information technicians,140,765,11,–,129,739,151,763,11,–,140,761,170,798,11,–,159,793
"Opticians, dispensing",47,–,11,–,36,–,43,–,13,–,30,–,42,–,14,–,28,–
Miscellaneous health technologists and technicians,117,873,44,–,73,791,143,811,48,–,95,746,107,745,43,–,64,714
Other healthcare practitioners and technical occupations,100,"1,022",48,–,52,961,77,"1,183",49,–,28,–,96,"1,083",49,–,47,–
Service occupations,"16,288",569,"7,948",641,"8,340",511,"16,044",544,"7,985",608,"8,059",501,"15,908",523,"7,994",595,"7,914",487
Healthcare support occupations,"2,595",561,361,661,"2,235",548,"2,500",542,320,597,"2,180",533,"2,423",525,329,602,"2,094",519
"Nursing, psychiatric, and home health aides","1,419",516,154,558,"1,265",513,"1,387",500,164,583,"1,223",493,"1,386",503,194,534,"1,192",498
Occupational therapy assistants and aides,24,–,4,–,21,–,13,–,1,–,11,–,13,–,1,–,12,–
Physical therapist assistants and aides,68,848,24,–,43,–,47,–,15,–,33,–,48,–,15,–,32,–
Massage therapists,40,–,15,–,24,–,51,632,15,–,36,–,45,–,15,–,30,–
Dental assistants,197,606,9,–,187,598,215,608,12,–,203,602,199,592,19,–,180,583
Medical assistants,499,612,45,–,454,607,457,594,39,–,418,597,488,572,36,–,452,562
Medical transcriptionists,23,–,4,–,18,–,21,–,3,–,18,–,23,–,0,–,23,–
Pharmacy aides,28,–,5,–,23,–,25,–,11,–,14,–,21,–,2,–,19,–
Veterinary assistants and laboratory animal caretakers,49,–,10,–,39,–,37,–,4,–,33,–,24,–,7,–,17,–
Phlebotomists,96,624,29,–,67,602,97,635,16,–,82,639,84,586,12,–,71,570
"Miscellaneous healthcare support occupations, including medical equipment preparers",154,598,61,703,93,559,150,587,40,–,110,603,94,537,29,–,65,504
Protective service occupations,"2,836",848,"2,258",922,578,613,"2,739",852,"2,204",894,535,690,"2,697",809,"2,173",854,524,688
First-line supervisors of correctional officers,47,–,35,–,13,–,50,899,38,–,12,–,55,873,35,–,20,–
First-line supervisors of police and detectives,85,"1,460",74,"1,461",12,–,94,"1,348",81,"1,347",13,–,120,"1,324",97,"1,361",23,–
First-line supervisors of fire fighting and prevention workers,52,"1,304",50,"1,321",2,–,43,–,42,–,2,–,45,–,41,–,3,–
"First-line supervisors of protective service workers, all other",74,839,58,886,16,–,69,953,58,938,11,–,89,880,66,895,23,–
Firefighters,295,"1,126",280,"1,133",14,–,272,"1,123",264,"1,136",8,–,252,"1,065",244,"1,056",8,–
Fire inspectors,18,–,16,–,2,–,22,–,22,–,0,–,16,–,15,–,1,–
"Bailiffs, correctional officers, and jailers",394,742,289,811,105,646,390,771,284,825,106,669,365,749,275,793,91,672
Detectives and criminal investigators,157,"1,331",122,"1,317",35,–,142,"1,256",110,"1,291",32,–,132,"1,182",104,"1,251",28,–
Fish and game wardens,6,–,5,–,0,–,5,–,5,–,0,–,8,–,7,–,1,–
Parking enforcement workers,4,–,0,–,4,–,4,–,2,–,2,–,6,–,4,–,2,–
Police and sheriff's patrol officers,728,"1,092",622,"1,131",106,816,688,"1,015",595,"1,024",94,985,709,"1,004",609,"1,008",100,938
Transit and railroad police,1,–,1,–,0,–,6,–,4,–,2,–,2,–,2,–,0,–
Animal control workers,13,–,5,–,8,–,12,–,8,–,4,–,6,–,4,–,2,–
Private detectives and investigators,89,851,43,–,46,–,86,963,42,–,44,–,60,904,31,–,29,–
Security guards and gaming surveillance officers,781,596,594,636,187,506,740,596,570,616,170,548,727,585,576,597,152,516
Crossing guards,28,–,22,–,6,–,23,–,17,–,6,–,23,–,11,–,12,–
Transportation security screeners,33,–,27,–,6,–,43,–,32,–,11,–,40,–,23,–,16,–
"Lifeguards and other recreational, and all other protective service workers",31,–,15,–,16,–,49,–,30,–,19,–,42,–,28,–,14,–
Food preparation and serving related occupations,"4,394",501,"2,210",533,"2,184",473,"4,465",484,"2,359",502,"2,106",459,"4,619",465,"2,417",491,"2,202",434
Chefs and head cooks,365,615,300,624,65,562,382,634,310,655,72,514,356,614,288,632,68,519
First-line supervisors of food preparation and serving workers,397,583,166,668,231,539,427,537,200,613,227,500,425,528,174,666,251,485
Cooks,"1,325",486,804,518,521,437,"1,365",466,859,481,506,436,"1,408",444,892,459,515,421
Food preparation workers,473,463,206,486,267,446,510,425,242,449,269,410,477,419,215,432,262,413
Bartenders,275,581,124,601,151,560,210,554,98,600,112,515,253,602,131,701,122,498
"Combined food preparation and serving workers, including fast food",147,436,64,410,83,475,175,407,75,415,100,401,196,396,72,381,125,402
"Counter attendants, cafeteria, food concession, and coffee shop",41,–,19,–,22,–,65,460,29,–,36,–,68,374,20,–,49,–
Waiters and waitresses,932,496,321,551,611,478,911,493,319,533,592,475,949,470,342,504,607,441
"Food servers, nonrestaurant",106,484,32,–,74,475,88,473,28,–,59,468,104,479,33,–,71,445
Dining room and cafeteria attendants and bartender helpers,118,447,59,500,58,408,134,458,79,444,55,481,133,420,82,465,51,407
Dishwashers,111,441,89,434,22,–,131,401,111,408,19,–,172,389,142,388,30,–
"Hosts and hostesses, restaurant, lounge, and coffee shop",102,471,24,–,78,473,67,401,9,–,58,400,74,442,24,–,50,432
"Food preparation and serving related workers, all other",2,–,1,–,1,–,1,–,1,–,1,–,3,–,2,–,1,–
Building and grounds cleaning and maintenance occupations,"3,695",551,"2,373",604,"1,322",477,"3,641",522,"2,373",573,"1,268",463,"3,602",510,"2,392",548,"1,210",454
First-line supervisors of housekeeping and janitorial workers,193,711,116,772,77,615,190,661,113,749,77,515,189,655,119,702,71,524
"First-line supervisors of landscaping, lawn service, and groundskeeping workers",95,770,93,774,2,–,111,723,102,760,9,–,113,707,112,710,1,–
Janitors and building cleaners,"1,672",571,"1,193",607,480,491,"1,595",539,"1,136",574,459,481,"1,580",526,"1,139",564,441,476
Maids and housekeeping cleaners,825,467,102,559,723,457,815,450,128,508,687,439,781,441,120,497,661,427
Pest control workers,75,688,70,725,4,–,94,616,89,617,5,–,61,655,59,649,2,–
Grounds maintenance workers,834,572,798,576,36,–,837,525,805,526,31,–,878,502,844,503,34,–
Personal care and service occupations,"2,768",544,746,638,"2,022",517,"2,699",520,728,612,"1,971",503,"2,568",505,684,613,"1,884",482
First-line supervisors of gaming workers,125,793,83,914,43,–,126,797,73,837,53,763,127,792,68,840,59,717
First-line supervisors of personal service workers,86,747,27,–,60,739,76,619,31,–,45,–,62,651,25,–,37,–
Animal trainers,11,–,4,–,7,–,23,–,16,–,7,–,24,–,13,–,11,–
Nonfarm animal caretakers,102,555,24,–,79,548,99,506,21,–,78,504,88,485,17,–,71,489
Gaming services workers,73,654,37,–,36,–,66,692,37,–,28,–,64,624,33,–,31,–
Motion picture projectionists,0,–,0,–,0,–,0,–,0,–,0,–,2,–,2,–,0,–
"Ushers, lobby attendants, and ticket takers",5,–,3,–,3,–,8,–,6,–,2,–,14,–,6,–,8,–
Miscellaneous entertainment attendants and related workers,85,523,56,518,28,–,74,517,39,–,36,–,79,481,48,–,31,–
Embalmers and funeral attendants,11,–,8,–,3,–,15,–,8,–,7,–,3,–,1,–,2,–
"Morticians, undertakers, and funeral directors",27,–,20,–,7,–,22,–,19,–,3,–,23,–,18,–,5,–
Barbers,48,–,34,–,15,–,54,590,47,–,8,–,56,584,48,–,8,–
"Hairdressers, hairstylists, and cosmetologists",309,545,22,–,287,548,324,528,22,–,302,521,307,510,27,–,281,500
Miscellaneous personal appearance workers,258,523,52,615,206,512,235,567,48,–,187,538,205,490,37,–,167,466
"Baggage porters, bellhops, and concierges",73,620,59,652,13,–,70,547,56,543,14,–,56,625,46,–,10,–
Tour and travel guides,22,–,13,–,9,–,21,–,14,–,6,–,18,–,10,–,8,–
Childcare workers,437,500,32,–,405,492,448,482,35,–,413,474,405,452,24,–,381,451
Personal care aides,786,500,132,555,654,493,735,486,127,520,608,479,762,477,125,514,636,469
Recreation and fitness workers,208,603,100,724,109,543,200,616,82,726,118,565,192,596,92,668,100,517
Residential advisors,29,–,11,–,18,–,27,–,10,–,17,–,19,–,8,–,11,–
"Personal care and service workers, all other",74,522,32,–,42,–,76,570,37,–,40,–,61,573,35,–,26,–
Sales and office occupations,"23,714",742,"9,548",846,"14,166",696,"23,686",718,"9,481",834,"14,205",672,"23,625",698,"9,461",805,"14,163",649
Sales and related occupations,"10,077",798,"5,621",949,"4,455",651,"9,953",763,"5,598",934,"4,355",609,"9,759",744,"5,509",904,"4,250",590
First-line supervisors of retail sales workers,"2,421",795,"1,359",911,"1,062",672,"2,388",764,"1,376",891,"1,013",639,"2,368",743,"1,321",857,"1,047",630
First-line supervisors of non-retail sales workers,893,"1,153",588,"1,199",305,"1,054",815,"1,062",541,"1,151",274,965,781,"1,137",552,"1,161",230,"1,004"
Cashiers,"1,390",465,377,468,"1,013",463,"1,360",438,378,493,982,422,"1,367",414,402,475,965,403
Counter and rental clerks,82,729,51,769,30,–,78,607,48,–,31,–,84,517,47,–,36,–
Parts salespersons,109,702,98,718,11,–,115,786,108,800,7,–,96,639,85,643,11,–
Retail salespersons,"1,860",657,"1,144",764,716,543,"1,896",615,"1,160",704,736,523,"1,831",623,"1,103",730,728,514
Advertising sales agents,169,998,91,950,79,"1,053",193,887,87,895,106,882,203,"1,023",122,"1,034",81,999
Insurance sales agents,466,859,205,"1,048",261,809,440,897,198,"1,058",242,795,423,839,218,"1,166",205,676
"Securities, commodities, and financial services sales agents",197,"1,440",131,"1,639",66,"1,047",231,"1,332",154,"1,416",77,911,219,"1,351",155,"1,458",63,951
Travel agents,53,789,10,–,43,–,57,665,10,–,47,–,46,–,8,–,38,–
"Sales representatives, services, all other",427,"1,230",315,"1,345",113,933,458,"1,147",339,"1,332",120,902,427,"1,040",282,"1,202",145,826
"Sales representatives, wholesale and manufacturing","1,112","1,161",817,"1,239",295,"1,009","1,105","1,157",796,"1,222",308,956,"1,121","1,047",819,"1,140",302,872
"Models, demonstrators, and product promoters",15,–,3,–,11,–,16,–,4,–,12,–,14,–,8,–,6,–
Real estate brokers and sales agents,528,"1,019",236,"1,264",291,883,488,953,219,"1,159",269,818,493,983,209,"1,222",284,780
Sales engineers,38,–,34,–,4,–,39,–,36,–,3,–,40,–,35,–,5,–
Telemarketers,50,559,19,–,31,–,37,–,11,–,27,–,42,–,17,–,25,–
"Door-to-door sales workers, news and street vendors, and related workers",41,–,25,–,17,–,41,–,27,–,15,–,34,–,23,–,11,–
"Sales and related workers, all other",227,"1,036",118,"1,323",109,873,195,971,107,"1,147",89,799,171,805,103,946,68,709
Office and administrative support occupations,"13,637",717,"3,926",738,"9,711",711,"13,733",701,"3,884",735,"9,850",691,"13,866",679,"3,952",708,"9,913",669
First-line supervisors of office and administrative support workers,"1,279",885,386,"1,050",892,835,"1,261",867,408,987,854,819,"1,203",848,383,942,819,809
"Switchboard operators, including answering service",21,–,3,–,19,–,16,–,3,–,12,–,17,–,3,–,14,–
Telephone operators,29,–,6,–,22,–,35,–,9,–,27,–,36,–,5,–,31,–
"Communications equipment operators, all other",7,–,5,–,2,–,5,–,4,–,2,–,5,–,1,–,4,–
Bill and account collectors,114,711,28,–,85,694,130,674,38,–,92,655,144,625,39,–,105,650
Billing and posting clerks,417,721,56,664,361,725,405,696,58,718,347,691,404,666,44,–,360,660
"Bookkeeping, accounting, and auditing clerks",679,742,104,778,575,739,718,719,92,743,625,716,756,722,115,790,641,716
Gaming cage workers,7,–,1,–,6,–,11,–,0,–,11,–,9,–,1,–,8,–
Payroll and timekeeping clerks,111,827,11,–,100,807,103,765,13,–,89,767,125,786,15,–,110,785
Procurement clerks,30,–,16,–,14,–,29,–,14,–,15,–,25,–,9,–,16,–
Tellers,240,584,34,–,206,584,209,572,25,–,184,562,235,542,39,–,195,539
"Financial clerks, all other",77,839,30,–,48,–,74,902,26,–,48,–,62,708,18,–,44,–
Brokerage clerks,5,–,2,–,4,–,5,–,2,–,3,–,3,–,2,–,1,–
Correspondence clerks,5,–,2,–,3,–,6,–,0,–,5,–,5,–,0,–,5,–
"Court, municipal, and license clerks",78,897,17,–,61,804,79,738,17,–,62,718,79,691,19,–,60,681
"Credit authorizers, checkers, and clerks",50,818,21,–,30,–,50,807,20,–,31,–,41,–,8,–,33,–
Customer service representatives,"1,904",683,678,689,"1,226",680,"1,881",654,646,712,"1,234",637,"1,850",640,664,676,"1,185",623
"Eligibility interviewers, government programs",67,887,14,–,53,841,66,849,16,–,50,779,72,828,17,–,55,735
File clerks,110,650,23,–,86,624,135,704,26,–,109,706,134,676,21,–,113,680
"Hotel, motel, and resort desk clerks",85,520,29,–,56,505,84,486,35,–,49,–,102,513,36,–,66,500
"Interviewers, except eligibility and loan",114,702,18,–,96,686,106,671,16,–,89,683,105,639,7,–,98,634
"Library assistants, clerical",34,–,8,–,26,–,45,–,8,–,37,–,45,–,8,–,38,–
Loan interviewers and clerks,115,827,16,–,99,797,114,742,19,–,95,725,124,774,25,–,100,756
New accounts clerks,21,–,8,–,13,–,36,–,8,–,28,–,21,–,0,–,21,–
Order clerks,57,659,28,–,29,–,80,629,38,–,42,–,85,646,40,–,45,–
"Human resources assistants, except payroll and timekeeping",53,816,7,–,45,–,45,–,8,–,37,–,36,–,4,–,32,–
Receptionists and information clerks,934,605,81,593,853,606,892,602,66,652,826,599,951,583,103,600,848,581
Reservation and transportation ticket agents and travel clerks,109,745,50,681,60,766,99,739,43,–,56,691,102,705,46,–,56,646
"Information and record clerks, all other",95,733,24,–,71,724,92,691,19,–,74,683,104,654,31,–,73,631
Cargo and freight agents,18,–,6,–,12,–,14,–,10,–,4,–,23,–,14,–,9,–
Couriers and messengers,192,786,164,821,29,–,155,725,131,751,24,–,160,726,135,739,25,–
Dispatchers,270,783,108,926,162,725,255,710,110,753,145,691,279,704,126,734,153,671
"Meter readers, utilities",24,–,22,–,2,–,14,–,12,–,2,–,30,–,28,–,1,–
Postal service clerks,115,765,51,758,63,771,104,940,48,–,56,925,111,901,58,999,53,805
Postal service mail carriers,288,931,170,983,118,808,266,944,158,965,108,856,304,981,185,"1,020",119,931
"Postal service mail sorters, processors, and processing machine operators",53,980,22,–,32,–,49,–,26,–,23,–,56,783,33,–,23,–
"Production, planning, and expediting clerks",252,870,119,"1,004",134,790,238,911,118,"1,043",120,798,224,853,113,935,111,765
"Shipping, receiving, and traffic clerks",524,632,365,654,160,590,544,611,379,616,165,596,473,596,322,602,151,583
Stock clerks and order fillers,988,562,629,558,359,570,982,559,643,571,339,538,"1,014",530,643,533,371,526
"Weighers, measurers, checkers, and samplers, recordkeeping",44,–,30,–,14,–,43,–,22,–,21,–,45,–,21,–,24,–
Secretaries and administrative assistants,"1,977",759,122,903,"1,855",753,"2,165",739,119,852,"2,046",735,"2,210",713,133,831,"2,078",708
Computer operators,67,763,27,–,40,–,63,809,27,–,35,–,78,811,41,–,37,–
Data entry keyers,224,655,52,730,173,643,224,650,48,–,176,640,221,638,51,655,170,630
Word processors and typists,53,858,9,–,43,–,80,683,8,–,72,667,56,730,7,–,48,–
Desktop publishers,1,–,1,–,0,–,1,–,0,–,1,–,0,–,0,–,0,–
Insurance claims and policy processing clerks,211,719,36,–,175,713,223,714,34,–,189,711,251,665,40,–,210,658
"Mail clerks and mail machine operators, except postal service",44,–,31,–,13,–,46,–,30,–,16,–,56,619,33,–,23,–
"Office clerks, general",925,697,128,670,797,701,935,682,142,780,793,670,900,654,140,707,760,648
"Office machine operators, except computer",13,–,5,–,9,–,27,–,10,–,17,–,30,–,14,–,16,–
Proofreaders and copy markers,7,–,2,–,4,–,6,–,2,–,4,–,5,–,0,–,5,–
Statistical assistants,41,–,16,–,25,–,17,–,7,–,10,–,7,–,5,–,2,–
"Office and administrative support workers, all other",456,794,104,920,352,762,473,758,122,768,352,756,457,768,107,855,351,751
"Natural resources, construction, and maintenance occupations","11,546",824,"11,030",834,516,638,"11,509",801,"10,994",809,515,579,"11,022",786,"10,558",794,464,580
"Farming, fishing, and forestry occupations",850,581,667,602,183,483,962,539,756,585,206,471,842,520,673,544,169,465
"First-line supervisors of farming, fishing, and forestry workers",45,–,37,–,7,–,51,711,47,–,4,–,28,–,25,–,3,–
Agricultural inspectors,18,–,13,–,6,–,14,–,10,–,4,–,18,–,13,–,5,–
Animal breeders,2,–,2,–,0,–,3,–,3,–,0,–,2,–,1,–,1,–
"Graders and sorters, agricultural products",75,593,38,–,37,–,99,500,32,–,67,487,74,511,25,–,48,–
Miscellaneous agricultural workers,641,552,512,578,130,474,701,517,574,553,127,453,659,508,547,524,111,423
Fishers and related fishing workers,12,–,12,–,0,–,21,–,21,–,0,–,4,–,4,–,0,–
Hunters and trappers,3,–,3,–,0,–,2,–,0,–,1,–,1,–,1,–,0,–
Forest and conservation workers,17,–,15,–,3,–,25,–,23,–,2,–,17,–,17,–,1,–
Logging workers,36,–,36,–,0,–,47,–,46,–,1,–,39,–,39,–,0,–
Construction and extraction occupations,"6,414",808,"6,223",809,191,785,"6,147",796,"5,987",796,160,802,"5,979",784,"5,828",786,151,639
First-line supervisors of construction trades and extraction workers,541,"1,059",521,"1,073",20,–,520,"1,158",506,"1,166",14,–,558,"1,091",540,"1,101",18,–
Boilermakers,16,–,16,–,0,–,15,–,15,–,0,–,26,–,26,–,0,–
"Brickmasons, blockmasons, and stonemasons",102,763,100,761,2,–,121,787,121,787,0,–,119,741,119,741,0,–
Carpenters,973,756,953,759,20,–,870,789,851,789,19,–,839,730,828,733,11,–
"Carpet, floor, and tile installers and finishers",108,692,105,682,4,–,115,631,114,628,1,–,93,593,91,597,2,–
"Cement masons, concrete finishers, and terrazzo workers",46,–,46,–,0,–,47,–,45,–,2,–,47,–,47,–,0,–
Construction laborers,"1,470",717,"1,421",717,49,–,"1,443",670,"1,400",667,43,–,"1,322",692,"1,281",697,41,–
"Paving, surfacing, and tamping equipment operators",19,–,18,–,0,–,12,–,12,–,0,–,11,–,11,–,0,–
Pile-driver operators,1,–,1,–,0,–,2,–,2,–,0,–,4,–,4,–,0,–
Operating engineers and other construction equipment operators,328,905,323,905,5,–,324,868,318,868,6,–,334,920,328,922,6,–
"Drywall installers, ceiling tile installers, and tapers",125,704,124,707,1,–,114,634,112,628,1,–,138,600,137,601,1,–
Electricians,781,965,766,966,16,–,726,979,711,974,15,–,667,952,649,951,18,–
Glaziers,35,–,35,–,0,–,39,–,39,–,0,–,48,–,47,–,1,–
Insulation workers,49,–,48,–,1,–,52,768,49,–,3,–,42,–,40,–,2,–
"Painters, construction and maintenance",380,679,360,679,20,–,347,683,328,689,20,–,392,612,375,615,17,–
Paperhangers,3,–,3,–,0,–,1,–,1,–,0,–,0,–,0,–,0,–
"Pipelayers, plumbers, pipefitters, and steamfitters",531,921,514,916,17,–,497,866,489,865,8,–,475,927,464,925,11,–
Plasterers and stucco masons,15,–,14,–,1,–,24,–,24,–,0,–,25,–,25,–,0,–
Reinforcing iron and rebar workers,3,–,3,–,0,–,13,–,13,–,0,–,12,–,12,–,0,–
Roofers,148,687,146,686,2,–,174,621,174,621,0,–,161,623,158,624,3,–
Sheet metal workers,129,881,127,882,2,–,136,865,132,866,3,–,117,819,115,820,3,–
Structural iron and steel workers,52,934,51,941,1,–,43,–,41,–,2,–,61,976,60,983,1,–
Solar photovoltaic installers,9,–,9,–,0,–,7,–,7,–,0,–,10,–,10,–,0,–
"Helpers, construction trades",68,620,67,622,1,–,57,621,53,627,4,–,42,–,40,–,2,–
Construction and building inspectors,82,996,68,"1,015",14,–,63,974,60,"1,068",4,–,68,996,62,"1,040",6,–
Elevator installers and repairers,25,–,23,–,2,–,38,–,38,–,0,–,41,–,41,–,0,–
Fence erectors,21,–,21,–,0,–,26,–,25,–,1,–,30,–,29,–,0,–
Hazardous materials removal workers,30,–,27,–,3,–,27,–,20,–,6,–,28,–,24,–,4,–
Highway maintenance workers,109,781,105,772,4,–,91,761,88,770,4,–,85,745,83,723,2,–
Rail-track laying and maintenance equipment operators,12,–,12,–,0,–,10,–,10,–,0,–,8,–,8,–,0,–
Septic tank servicers and sewer pipe cleaners,6,–,6,–,0,–,6,–,6,–,0,–,9,–,9,–,0,–
Miscellaneous construction and related workers,25,–,24,–,0,–,15,–,14,–,1,–,17,–,17,–,0,–
"Derrick, rotary drill, and service unit operators, oil, gas, and mining",29,–,28,–,1,–,27,–,27,–,0,–,29,–,29,–,0,–
"Earth drillers, except oil and gas",23,–,23,–,0,–,17,–,17,–,0,–,23,–,23,–,0,–
"Explosives workers, ordnance handling experts, and blasters",14,–,14,–,0,–,12,–,12,–,0,–,10,–,9,–,0,–
Mining machine operators,59,"1,402",55,"1,389",4,–,49,–,49,–,0,–,48,–,48,–,0,–
"Roof bolters, mining",1,–,1,–,0,–,2,–,2,–,0,–,3,–,3,–,0,–
"Roustabouts, oil and gas",9,–,9,–,0,–,4,–,4,–,0,–,4,–,4,–,0,–
Helpers--extraction workers,2,–,2,–,0,–,5,–,5,–,1,–,3,–,3,–,0,–
Other extraction workers,35,–,34,–,0,–,54,900,52,907,2,–,29,–,29,–,0,–
"Installation, maintenance, and repair occupations","4,282",934,"4,140",936,142,823,"4,400",878,"4,251",883,149,736,"4,201",861,"4,057",863,144,783
"First-line supervisors of mechanics, installers, and repairers",270,"1,087",255,"1,111",15,–,244,"1,092",225,"1,089",19,–,246,"1,020",221,"1,016",25,–
"Computer, automated teller, and office machine repairers",157,932,137,940,20,–,173,819,156,833,17,–,165,851,150,861,15,–
Radio and telecommunications equipment installers and repairers,125,"1,131",108,"1,134",18,–,121,"1,010",113,"1,069",8,–,132,950,110,975,22,–
Avionics technicians,11,–,10,–,1,–,7,–,7,–,0,–,8,–,8,–,0,–
"Electric motor, power tool, and related repairers",22,–,20,–,2,–,30,–,30,–,0,–,26,–,23,–,2,–
"Electrical and electronics installers and repairers, transportation equipment",0,–,0,–,0,–,1,–,1,–,0,–,3,–,3,–,0,–
"Electrical and electronics repairers, industrial and utility",12,–,10,–,2,–,14,–,14,–,0,–,15,–,14,–,1,–
"Electronic equipment installers and repairers, motor vehicles",5,–,5,–,0,–,11,–,11,–,0,–,8,–,8,–,0,–
Electronic home entertainment equipment installers and repairers,29,–,29,–,0,–,38,–,38,–,0,–,33,–,32,–,1,–
Security and fire alarm systems installers,47,–,47,–,0,–,71,945,68,943,3,–,69,927,68,909,1,–
Aircraft mechanics and service technicians,155,"1,117",147,"1,141",7,–,153,"1,169",146,"1,175",6,–,136,"1,047",134,"1,053",2,–
Automotive body and related repairers,114,820,114,820,0,–,124,821,122,832,1,–,117,761,112,770,5,–
Automotive glass installers and repairers,22,–,21,–,1,–,21,–,21,–,0,–,14,–,14,–,0,–
Automotive service technicians and mechanics,709,800,698,802,10,–,752,761,737,764,15,–,688,730,677,729,11,–
Bus and truck mechanics and diesel engine specialists,358,942,352,943,5,–,367,887,362,887,4,–,298,874,297,875,1,–
Heavy vehicle and mobile equipment service technicians and mechanics,199,"1,013",196,"1,011",3,–,177,993,173,"1,005",4,–,198,964,198,964,0,–
Small engine mechanics,28,–,28,–,0,–,26,–,26,–,0,–,32,–,30,–,1,–
"Miscellaneous vehicle and mobile equipment mechanics, installers, and repairers",68,611,65,612,3,–,64,613,64,613,0,–,74,641,73,646,0,–
Control and valve installers and repairers,20,–,18,–,2,–,25,–,25,–,0,–,33,–,32,–,1,–
"Heating, air conditioning, and refrigeration mechanics and installers",384,890,381,891,3,–,376,830,369,832,7,–,361,864,357,868,4,–
Home appliance repairers,28,–,28,–,0,–,26,–,26,–,0,–,25,–,25,–,0,–
Industrial and refractory machinery mechanics,424,981,418,982,6,–,395,923,379,932,16,–,385,968,374,973,11,–
"Maintenance and repair workers, general",456,870,439,874,16,–,511,828,490,834,20,–,514,796,502,797,13,–
"Maintenance workers, machinery",23,–,23,–,0,–,25,–,25,–,0,–,20,–,19,–,1,–
Millwrights,40,–,39,–,1,–,40,–,39,–,1,–,35,–,35,–,0,–
Electrical power-line installers and repairers,129,"1,300",124,"1,292",5,–,132,"1,191",132,"1,191",0,–,126,"1,161",125,"1,165",1,–
Telecommunications line installers and repairers,196,"1,014",187,"1,026",9,–,187,879,181,876,5,–,172,850,168,824,4,–
Precision instrument and equipment repairers,46,–,39,–,6,–,44,–,34,–,10,–,56,910,46,–,10,–
Wind turbine service technicians,2,–,2,–,0,–,6,–,6,–,0,–,5,–,5,–,0,–
"Coin, vending, and amusement machine servicers and repairers",25,–,23,–,2,–,24,–,23,–,1,–,27,–,24,–,3,–
Commercial divers,0,–,0,–,0,–,0,–,0,–,0,–,1,–,1,–,0,–
Locksmiths and safe repairers,18,–,18,–,0,–,20,–,18,–,2,–,12,–,12,–,0,–
Manufactured building and mobile home installers,5,–,5,–,0,–,3,–,3,–,0,–,7,–,7,–,0,–
Riggers,13,–,13,–,0,–,13,–,13,–,0,–,11,–,11,–,0,–
Signal and track switch repairers,14,–,14,–,0,–,11,–,11,–,0,–,4,–,4,–,0,–
"Helpers--installation, maintenance, and repair workers",17,–,17,–,1,–,15,–,14,–,2,–,10,–,9,–,1,–
"Other installation, maintenance, and repair workers",111,827,108,837,3,–,156,774,150,772,6,–,137,773,130,782,8,–
"Production, transportation, and material moving occupations","15,210",707,"11,932",762,"3,279",561,"14,825",692,"11,705",736,"3,119",545,"14,606",665,"11,661",704,"2,945",531
Production occupations,"7,668",723,"5,627",793,"2,041",575,"7,589",701,"5,545",769,"2,044",564,"7,513",668,"5,564",723,"1,949",527
First-line supervisors of production and operating workers,792,980,642,"1,050",150,745,722,966,588,"1,007",133,716,729,923,599,972,131,723
"Aircraft structure, surfaces, rigging, and systems assemblers",6,–,5,–,1,–,1,–,0,–,1,–,6,–,4,–,2,–
"Electrical, electronics, and electromechanical assemblers",110,605,57,706,53,518,123,624,73,682,50,587,105,590,55,618,50,554
Engine and other machine assemblers,7,–,5,–,2,–,14,–,11,–,2,–,6,–,6,–,0,–
Structural metal fabricators and fitters,27,–,27,–,0,–,25,–,24,–,1,–,22,–,22,–,0,–
Miscellaneous assemblers and fabricators,989,663,641,723,348,583,957,630,595,700,362,559,990,601,645,625,345,559
Bakers,151,549,61,565,89,533,135,472,67,488,68,464,138,494,55,562,83,480
"Butchers and other meat, poultry, and fish processing workers",223,606,158,632,65,557,259,587,196,621,63,487,244,526,183,571,61,449
"Food and tobacco roasting, baking, and drying machine operators and tenders",3,–,3,–,0,–,7,–,4,–,3,–,16,–,14,–,2,–
Food batchmakers,55,557,21,–,34,–,70,575,32,–,38,–,81,537,40,–,42,–
Food cooking machine operators and tenders,8,–,3,–,5,–,8,–,3,–,5,–,7,–,6,–,1,–
"Food processing workers, all other",142,624,90,749,52,539,171,676,119,701,52,545,129,547,88,579,41,–
Computer control programmers and operators,106,882,94,890,12,–,100,868,88,912,12,–,85,802,80,843,6,–
"Extruding and drawing machine setters, operators, and tenders, metal and plastic",17,–,12,–,4,–,18,–,17,–,1,–,13,–,11,–,2,–
"Forging machine setters, operators, and tenders, metal and plastic",5,–,5,–,0,–,9,–,8,–,1,–,5,–,5,–,0,–
"Rolling machine setters, operators, and tenders, metal and plastic",11,–,7,–,3,–,9,–,6,–,2,–,13,–,9,–,3,–
"Cutting, punching, and press machine setters, operators, and tenders, metal and plastic",58,745,53,766,5,–,84,665,74,688,9,–,86,639,68,672,18,–
"Drilling and boring machine tool setters, operators, and tenders, metal and plastic",6,–,6,–,0,–,7,–,7,–,0,–,8,–,8,–,0,–
"Grinding, lapping, polishing, and buffing machine tool setters, operators, and tenders, metal and plastic",35,–,33,–,2,–,40,–,35,–,4,–,45,–,42,–,3,–
"Lathe and turning machine tool setters, operators, and tenders, metal and plastic",7,–,7,–,0,–,14,–,13,–,1,–,13,–,12,–,0,–
"Milling and planing machine setters, operators, and tenders, metal and plastic",2,–,2,–,0,–,5,–,3,–,2,–,2,–,2,–,0,–
Machinists,309,863,293,878,16,–,343,831,326,834,16,–,326,824,313,844,13,–
"Metal furnace operators, tenders, pourers, and casters",17,–,16,–,1,–,23,–,20,–,3,–,31,–,30,–,1,–
"Model makers and patternmakers, metal and plastic",5,–,5,–,0,–,3,–,1,–,3,–,3,–,3,–,0,–
"Molders and molding machine setters, operators, and tenders, metal and plastic",35,–,32,–,3,–,43,–,38,–,5,–,28,–,21,–,7,–
"Multiple machine tool setters, operators, and tenders, metal and plastic",4,–,4,–,0,–,5,–,4,–,1,–,2,–,1,–,1,–
Tool and die makers,47,–,45,–,2,–,59,"1,007",56,"1,021",3,–,43,–,43,–,0,–
"Welding, soldering, and brazing workers",562,840,530,847,32,–,541,812,517,821,24,–,558,743,535,753,23,–
"Heat treating equipment setters, operators, and tenders, metal and plastic",10,–,8,–,2,–,2,–,1,–,1,–,2,–,2,–,0,–
"Layout workers, metal and plastic",10,–,9,–,1,–,11,–,11,–,0,–,6,–,6,–,0,–
"Plating and coating machine setters, operators, and tenders, metal and plastic",17,–,13,–,4,–,16,–,14,–,2,–,21,–,20,–,2,–
"Tool grinders, filers, and sharpeners",1,–,1,–,0,–,7,–,7,–,0,–,4,–,4,–,0,–
"Metal workers and plastic workers, all other",356,698,290,724,66,611,381,654,303,679,78,574,380,626,306,658,74,565
Prepress technicians and workers,14,–,11,–,3,–,13,–,8,–,4,–,15,–,8,–,7,–
Printing press operators,137,754,111,804,26,–,151,758,126,789,26,–,170,701,137,748,33,–
Print binding and finishing workers,12,–,6,–,6,–,8,–,4,–,4,–,11,–,9,–,2,–
Laundry and dry-cleaning workers,108,432,32,–,76,416,106,450,27,–,79,443,135,454,55,486,80,436
"Pressers, textile, garment, and related materials",28,–,11,–,18,–,19,–,10,–,9,–,30,–,10,–,20,–
Sewing machine operators,131,498,37,–,94,497,157,519,49,–,108,521,165,437,52,407,114,452
Shoe and leather workers and repairers,1,–,1,–,0,–,1,–,0,–,1,–,4,–,3,–,1,–
Shoe machine operators and tenders,6,–,2,–,3,–,3,–,2,–,1,–,1,–,1,–,0,–
"Tailors, dressmakers, and sewers",43,–,19,–,24,–,31,–,10,–,21,–,32,–,7,–,25,–
Textile bleaching and dyeing machine operators and tenders,0,–,0,–,0,–,0,–,0,–,0,–,0,–,0,–,0,–
"Textile cutting machine setters, operators, and tenders",7,–,7,–,0,–,6,–,2,–,4,–,7,–,4,–,3,–
"Textile knitting and weaving machine setters, operators, and tenders",5,–,2,–,3,–,17,–,8,–,9,–,13,–,2,–,11,–
"Textile winding, twisting, and drawing out machine setters, operators, and tenders",3,–,2,–,1,–,12,–,4,–,8,–,6,–,2,–,4,–
"Extruding and forming machine setters, operators, and tenders, synthetic and glass fibers",0,–,0,–,0,–,0,–,0,–,0,–,0,–,0,–,0,–
Fabric and apparel patternmakers,3,–,0,–,3,–,1,–,0,–,1,–,1,–,1,–,0,–
Upholsterers,19,–,14,–,5,–,22,–,18,–,4,–,20,–,19,–,1,–
"Textile, apparel, and furnishings workers, all other",14,–,7,–,7,–,19,–,10,–,9,–,13,–,11,–,2,–
Cabinetmakers and bench carpenters,47,–,44,–,3,–,38,–,36,–,2,–,35,–,30,–,5,–
Furniture finishers,15,–,13,–,2,–,8,–,7,–,1,–,9,–,8,–,1,–
"Model makers and patternmakers, wood",0,–,0,–,0,–,1,–,1,–,0,–,0,–,0,–,0,–
"Sawing machine setters, operators, and tenders, wood",32,–,27,–,4,–,26,–,26,–,0,–,31,–,27,–,4,–
"Woodworking machine setters, operators, and tenders, except sawing",23,–,13,–,10,–,16,–,12,–,4,–,23,–,19,–,4,–
"Woodworkers, all other",11,–,11,–,0,–,19,–,15,–,4,–,17,–,15,–,1,–
"Power plant operators, distributors, and dispatchers",33,–,32,–,1,–,47,–,45,–,2,–,39,–,37,–,2,–
Stationary engineers and boiler operators,84,"1,073",82,"1,086",2,–,76,"1,088",72,"1,142",4,–,77,924,72,954,4,–
Water and wastewater treatment plant and system operators,99,943,94,940,5,–,107,907,102,910,5,–,76,883,72,885,3,–
Miscellaneous plant and system operators,35,–,35,–,0,–,41,–,34,–,6,–,42,–,38,–,3,–
"Chemical processing machine setters, operators, and tenders",65,894,57,899,8,–,58,877,55,879,3,–,50,924,46,–,4,–
"Crushing, grinding, polishing, mixing, and blending workers",83,672,78,673,5,–,70,771,62,795,8,–,88,643,82,642,6,–
Cutting workers,56,595,43,–,12,–,51,521,40,–,12,–,62,576,50,546,13,–
"Extruding, forming, pressing, and compacting machine setters, operators, and tenders",17,–,14,–,3,–,13,–,10,–,3,–,24,–,19,–,4,–
"Furnace, kiln, oven, drier, and kettle operators and tenders",20,–,15,–,4,–,5,–,5,–,0,–,11,–,10,–,1,–
"Inspectors, testers, sorters, samplers, and weighers",756,771,490,868,267,679,717,765,443,853,275,637,686,714,445,834,241,584
Jewelers and precious stone and metal workers,20,–,13,–,7,–,24,–,20,–,5,–,18,–,11,–,7,–
"Medical, dental, and ophthalmic laboratory technicians",74,741,33,–,41,–,57,598,16,–,40,–,64,615,33,–,31,–
Packaging and filling machine operators and tenders,250,529,110,602,140,496,275,553,128,598,147,516,224,488,112,574,113,425
Painting workers,159,710,142,725,16,–,131,693,117,705,14,–,158,701,147,713,11,–
Photographic process workers and processing machine operators,15,–,11,–,4,–,23,–,16,–,7,–,23,–,11,–,12,–
Semiconductor processors,1,–,1,–,0,–,2,–,0,–,2,–,2,–,2,–,0,–
Adhesive bonding machine operators and tenders,8,–,5,–,3,–,4,–,4,–,0,–,12,–,7,–,5,–
"Cleaning, washing, and metal pickling equipment operators and tenders",6,–,6,–,0,–,10,–,8,–,2,–,2,–,2,–,0,–
Cooling and freezing equipment operators and tenders,4,–,4,–,0,–,2,–,1,–,1,–,0,–,0,–,0,–
Etchers and engravers,8,–,6,–,2,–,5,–,3,–,2,–,3,–,3,–,0,–
"Molders, shapers, and casters, except metal and plastic",28,–,27,–,0,–,25,–,21,–,4,–,16,–,14,–,2,–
"Paper goods machine setters, operators, and tenders",20,–,16,–,4,–,28,–,23,–,5,–,27,–,21,–,7,–
Tire builders,5,–,5,–,0,–,10,–,10,–,0,–,11,–,10,–,1,–
Helpers--production workers,37,–,26,–,10,–,30,–,19,–,11,–,25,–,23,–,3,–
"Production workers, all other",992,678,729,725,263,566,890,663,653,716,238,570,887,622,641,690,246,515
Transportation and material moving occupations,"7,542",689,"6,305",724,"1,237",538,"7,236",681,"6,160",710,"1,075",514,"7,093",662,"6,097",685,997,540
Supervisors of transportation and material moving workers,197,850,152,878,45,–,192,881,160,919,31,–,165,807,126,843,39,–
Aircraft pilots and flight engineers,98,"1,743",91,"1,837",7,–,112,"1,736",105,"1,750",7,–,119,"1,582",112,"1,600",7,–
Air traffic controllers and airfield operations specialists,38,–,35,–,3,–,16,–,11,–,5,–,28,–,19,–,10,–
Flight attendants,74,878,21,–,53,822,71,860,20,–,51,873,68,873,19,–,49,–
"Ambulance drivers and attendants, except emergency medical technicians",8,–,8,–,0,–,8,–,7,–,1,–,15,–,13,–,2,–
Bus drivers,361,655,216,735,144,599,356,605,209,671,148,517,343,641,197,691,146,589
Driver/sales workers and truck drivers,"2,791",817,"2,636",829,155,559,"2,828",797,"2,689",807,139,589,"2,809",780,"2,689",787,120,630
Taxi drivers and chauffeurs,399,611,341,628,58,450,362,604,308,623,54,453,261,580,222,595,38,–
"Motor vehicle operators, all other",39,–,34,–,5,–,33,–,28,–,5,–,25,–,23,–,2,–
Locomotive engineers and operators,34,–,30,–,5,–,43,–,36,–,7,–,45,–,45,–,0,–
"Railroad brake, signal, and switch operators",3,–,3,–,0,–,5,–,5,–,0,–,3,–,3,–,1,–
Railroad conductors and yardmasters,54,"1,132",50,"1,143",4,–,42,–,39,–,2,–,52,"1,160",51,"1,148",1,–
"Subway, streetcar, and other rail transportation workers",17,–,17,–,0,–,9,–,7,–,2,–,13,–,13,–,1,–
Sailors and marine oilers,21,–,20,–,1,–,19,–,19,–,0,–,15,–,14,–,1,–
Ship and boat captains and operators,30,–,29,–,1,–,29,–,29,–,0,–,28,–,26,–,1,–
Ship engineers,7,–,7,–,0,–,3,–,3,–,0,–,4,–,4,–,0,–
Bridge and lock tenders,5,–,5,–,0,–,5,–,3,–,2,–,3,–,3,–,0,–
Parking lot attendants,61,575,54,575,8,–,65,560,49,–,16,–,67,519,62,513,4,–
Automotive and watercraft service attendants,70,570,56,575,14,–,80,514,73,535,7,–,73,462,67,456,5,–
Transportation inspectors,37,–,34,–,3,–,41,–,33,–,8,–,25,–,20,–,5,–
"Transportation attendants, except flight attendants",19,–,5,–,13,–,21,–,11,–,10,–,20,–,10,–,10,–
Other transportation workers,19,–,18,–,0,–,20,–,19,–,1,–,31,–,24,–,7,–
Conveyor operators and tenders,4,–,4,–,0,–,1,–,1,–,0,–,4,–,4,–,0,–
Crane and tower operators,64,"1,122",60,"1,079",3,–,52,902,51,898,1,–,66,909,66,909,0,–
"Dredge, excavating, and loading machine operators",19,–,19,–,0,–,29,–,28,–,1,–,27,–,27,–,0,–
Hoist and winch operators,8,–,8,–,0,–,6,–,6,–,0,–,11,–,10,–,0,–
Industrial truck and tractor operators,596,641,549,641,48,–,584,624,538,632,46,–,564,602,510,604,54,563
Cleaners of vehicles and equipment,232,538,192,536,40,–,237,530,197,531,40,–,252,491,224,487,28,–
"Laborers and freight, stock, and material movers, hand","1,595",603,"1,277",620,318,541,"1,450",578,"1,196",595,254,500,"1,417",566,"1,196",580,221,509
Machine feeders and offbearers,25,–,15,–,10,–,29,–,14,–,15,–,27,–,14,–,13,–
"Packers and packagers, hand",490,495,205,516,285,484,368,480,158,500,210,462,383,456,166,468,216,437
Pumping station operators,16,–,16,–,0,–,19,–,19,–,0,–,13,–,11,–,1,–
Refuse and recyclable material collectors,63,524,55,536,8,–,56,522,49,–,7,–,68,562,64,584,4,–
Mine shuttle car operators,0,–,0,–,0,–,0,–,0,–,0,–,0,–,0,–,0,–
"Tank car, truck, and ship loaders",6,–,6,–,0,–,6,–,6,–,0,–,3,–,2,–,0,–
"Material moving workers, all other",41,–,37,–,4,–,41,–,34,–,6,–,46,–,40,–,6,–
